{"Helsinki": [24.9425683, 60.1674086], "Berlin": [13.3888599, 52.5170365], "Athens": [-82.1012554, 39.3292396], "Barcelona": [2.1771353, 41.3825596], "Stockholm": [18.0710935, 59.3251172], "Rome": [12.6308541512038, 41.85233365], "St Louis": [-90.1978888, 38.6272733], "Rio": [-43.2093726, -22.9110136], "Beijing": [116.391248, 39.9059631], "Montreal": [-73.6125179, 45.497684], "Tokyo": [139.294774527387, 34.2255804], "Melbourne / Stockholm": [144.9631608, -37.8142175], "Seoul": [126.9782914, 37.5666791], "London": [-0.1276473, 51.5073219], "Sydney": [151.210047, -33.8679573], "Mexico": [-99.1333415, 19.4326009], "Antwerp": [4.3997081, 51.2211097], "Moscow": [37.6174976, 55.7506828], "Los Angeles": [-118.2439408, 34.0543942], "Munich": [11.5753822, 48.1371079], "Atlanta": [-84.3901848, 33.7490987], "Amsterdam": [4.89797550561798, 52.3745403], "Paris": [2.3514992, 48.8566101]}